{"cameraMode":{"drawMode":0,"name":"Shaded","section":"Shading Mode"},"sceneLighting":true,"audioPlay":false,"sceneViewState":{"m_AlwaysRefresh":false,"showFog":true,"showSkybox":true,"showFlares":true,"showImageEffects":true,"showParticleSystems":true,"showVisualEffectGraphs":true,"m_FxEnabled":true},"in2DMode":false,"pivot":{"x":-26.249046325683595,"y":-13.337881088256836,"z":-129.74066162109376},"rotation":{"x":-0.014391593635082245,"y":0.9805740118026733,"z":-0.10026617348194123,"w":-0.1838662475347519},"size":69.22405242919922,"orthographic":false}